{
  "data": [
    {
      "TestCasesID": "TestCase_1",
      "ModuleName": "E2E",
      "TestCaseDescription": "Get Special Offer",
      "GetURL1": "KONG#v1/my/specialOffers",
      "GetURL2": "ATL#v1/my/specialOffers"
    }
    ,
   {
      "TestCasesID": "TestCase_2",
      "ModuleName": "E2E",
      "TestCaseDescription": "Get Marketing Offer",
      "GetURL1": "KONG#v1/my/marketingOffers",
      "GetURL2": "ATL#v1/my/marketingOffers"
    },
    {
      "TestCasesID": "TestCase_3",
      "ModuleName": "E2E",
      "TestCaseDescription": "Post MarketingOffersCalculation",
      "GetURL1": "KONG#v1/my/marketingOffersCalculation",
      "GetURL2": "ATL#v1/my/marketingOffersCalculation"
    },
    {
      "TestCasesID": "TestCase_4",
      "ModuleName": "E2E",
      "TestCaseDescription": "Post CreateNewContract",
      "GetURL1": "KONG#v1/my/contracts",
      "GetURL2": "ATL#v1/my/contracts"
    }
    ,{
      "TestCasesID": "TestCase_5",
      "ModuleName": "E2E",
      "TestCaseDescription": "Post OfferProposals",
      "GetURL1": "KONG#v1/my/contracts/offerProposals",
      "GetURL2": "ATL#v1/my/contracts/offerProposals"
    },
    {
      "TestCasesID": "TestCase_6",
      "ModuleName": "E2E",
      "TestCaseDescription": "Patch offerInsertIntoApplication",
      "GetURL1": "KONG#v1/my/contracts/2472232503",
      "GetURL2": "ATL#v1/my/contracts/2472232503"
    },
    {
      "TestCasesID": "TestCase_7",
      "ModuleName": "E2E",
      "TestCaseDescription": "Post AddressContact 1",
      "GetURL1": "KONG#v1/my/contracts/2472232503/addresses",
      "GetURL2": "ATL#v1/my/contracts/2472232503/addresses"
    },
    {
      "TestCasesID": "TestCase_8",
      "ModuleName": "E2E",
      "TestCaseDescription": "Post AddressContact 2",
      "GetURL1": "KONG#v1/my/contracts/2472232503/addresses",
      "GetURL2": "KONG#v1/my/contracts/2472232503/addresses"
    },
    {
      "TestCasesID": "TestCase_9",
      "ModuleName": "E2E",
      "TestCaseDescription": "Post ClientDocument Passport",
      "GetURL1": "KONG#v1/my/contracts/2472232503/clientDocuments",
      "GetURL2": "KONG#v1/my/contracts/2472232503/clientDocuments"
    },
    {
      "TestCasesID": "TestCase_10",
      "ModuleName": "E2E",
      "TestCaseDescription": "Post ClientDocument Pan Card",
      "GetURL1": "KONG#v1/my/contracts/2472232503/clientDocuments",
      "GetURL2": "ATL#v1/my/contracts/2472232503/clientDocuments"
    },
    {
      "TestCasesID": "TestCase_11",
      "ModuleName": "E2E",
      "TestCaseDescription": "Post ClientDocumentUpload",
      "GetURL1": "KONG#v1/my/contracts/2472232503/clientDocuments/uploads",
      "GetURL2": "ATL#v1/my/contracts/2472232503/clientDocuments/uploads"
    },
    {
      "TestCasesID": "TestCase_12",
      "ModuleName": "E2E",
      "TestCaseDescription": "Post PersonalData",
      "GetURL1": "KONG#v1/my/contracts/2472232503/personalData",
      "GetURL2": "ATL#v1/my/contracts/2472232503/personalData"
    },
    {
      "TestCasesID": "TestCase_13",
      "ModuleName": "E2E",
      "TestCaseDescription": "Put LoanData",
      "GetURL1": "KONG#v1/my/contracts/2472232503/loanData",
      "GetURL2": "ATL#v1/my/contracts/2472232503/loanData"
    },
    {
      "TestCasesID": "TestCase_14",
      "ModuleName": "E2E",
      "TestCaseDescription": "Post InsuranceData",
      "GetURL1": "KONG#v1/my/contracts/2472232503/insuranceData",
      "GetURL2": "ATL#v1/my/contracts/2472232503/insuranceData"
    },
    {
      "TestCasesID": "TestCase_15",
      "ModuleName": "E2E",
      "TestCaseDescription": "Put EmployementData",
      "GetURL1": "KONG#v1/my/contracts/2472232503/employmentData",
      "GetURL2": "ATL#v1/my/contracts/2472232503/employmentData"
    },
    {
      "TestCasesID": "TestCase_16",
      "ModuleName": "E2E",
      "TestCaseDescription": "Get Special Offer",
      "GetURL1": "KONG#v1/my/specialOffers",
      "GetURL2": "ATL#v1/my/specialOffers"
    },
    {
      "TestCasesID": "TestCase_17",
      "ModuleName": "E2E",
      "TestCaseDescription": "Put BankAccount",
      "GetURL1": "KONG#v1/my/contracts/2472232503/bankAccounts",
      "GetURL2": "ATL#v1/my/contracts/2472232503/bankAccounts"
    },
    {
      "TestCasesID": "TestCase_18",
      "ModuleName": "E2E",
      "TestCaseDescription": "Post Relatives 1",
      "GetURL1": "KONG#v1/my/contracts/2472232503/relatives",
      "GetURL2": "ATL#v1/my/contracts/2472232503/relatives"
    },
    {
      "TestCasesID": "TestCase_19",
      "ModuleName": "E2E",
      "TestCaseDescription": "Post Relatives 2",
      "GetURL1": "KONG#v1/my/contracts/2472232503/relatives",
      "GetURL2": "ATL#v1/my/contracts/2472232503/relatives"
    },
    {
      "TestCasesID": "TestCase_20",
      "ModuleName": "E2E",
      "TestCaseDescription": "Post ContactEmail",
      "GetURL1": "KONG#v1/my/contracts/2472232503/contacts",
      "GetURL2": "ATL#v1/my/contracts/2472232503/contacts"
    },
    {
      "TestCasesID": "TestCase_21",
      "ModuleName": "E2E",
      "TestCaseDescription": "Post ContactPhoneNo",
      "GetURL1": "KONG#v1/my/contracts/2472232503/contacts",
      "GetURL2": "ATL#v1/my/contracts/2472232503/contacts"
    },
    {
      "TestCasesID": "TestCase_22",
      "ModuleName": "E2E",
      "TestCaseDescription": "Get FinalCheck",
      "GetURL1": "KONG#v1/my/profile",
      "GetURL2": "ATL#v1/my/profile"
    },
    {
      "TestCasesID": "TestCase_23",
      "ModuleName": "E2E",
      "TestCaseDescription": "Post FinalRequest",
      "GetURL1": "KONG#v1/my/contracts/2472232503/loanRequests?mode=FINAL_REQUEST",
      "GetURL2": "ATL#v1/my/contracts/2472232503/loanRequests?mode=FINAL_REQUEST"
    },
   
    {
      "TestCasesID": "TestCase_24",
      "ModuleName": "E2E",
      "TestCaseDescription": "Post DocumentSignatureAPPLICATION_FORM ",
      "GetURL1": "KONG#v1/my/contracts/3900007596/documents/signatures",
      "GetURL2": "ATL#v1/my/contracts/3900007596/documents/signatures"
    },
    {
      "TestCasesID": "TestCase_25",
      "ModuleName": "E2E",
      "TestCaseDescription": "Post DocumentSignature GTC",
      "GetURL1": "KONG#v1/my/contracts/3900007596/documents/signatures",
      "GetURL2": "ATL#v1/my/contracts/3900007596/documents/signatures"
    },
    {
      "TestCasesID": "TestCase_26",
      "ModuleName": "E2E",
      "TestCaseDescription": "Post DocumentSignature SANCTIONAL_LETTER",
      "GetURL1": "KONG#v1/my/contracts/3900007596/documents/signatures",
      "GetURL2": "ATL#v1/my/contracts/3900007596/documents/signatures"
    },
    {
      "TestCasesID": "TestCase_27",
      "ModuleName": "E2E",
      "TestCaseDescription": "Post Contract Signature",
      "GetURL1": "KONG#v1/my/contracts/3900007596/signatures",
      "GetURL2": "ATL#v1/my/contracts/3900007596/signatures"
    },
    {
      "TestCasesID": "TestCase_29",
      "ModuleName": "E2E",
      "TestCaseDescription": "Get Special Offer",
      "GetURL1": "KONG#v1/my/contracts/3900007596/signatures",
      "GetURL2": "ATL#v1/my/contracts/3900007596/signatures"
    }
  ]
}